insert into utenti (id_utente, nome, cognome, username, email, password, eta, genere) values (1, 'Nil', 'Stallworth', 'nstallworth0', 'nstallworth0@boston.com', 'jH4(8V', 45, 'Male');
insert into utenti (id_utente, nome, cognome, username, email, password, eta, genere) values (2, 'Sonnie', 'Ivanchikov', 'sivanchikov1', 'sivanchikov1@jimdo.com', 'wA9%1_,', 52, 'Male');
insert into utenti (id_utente, nome, cognome, username, email, password, eta, genere) values (3, 'Neron', 'Leetham', 'nleetham2', 'nleetham2@soup.io', 'oX8,B"', 22, 'Male');
insert into utenti (id_utente, nome, cognome, username, email, password, eta, genere) values (4, 'Florenza', 'Loomis', 'floomis3', 'floomis3@networksolutions.com', 'nN8{,oWfM', 13, 'Female');
insert into utenti (id_utente, nome, cognome, username, email, password, eta, genere) values (5, 'Natalie', 'Biddleston', 'nbiddleston4', 'nbiddleston4@wsj.com', 'aB1=6M=q_V9', 70, 'Female');
insert into utenti (id_utente, nome, cognome, username, email, password, eta, genere) values (6, 'Octavius', 'Gritland', 'ogritland5', 'ogritland5@dion.ne.jp', 'oE2>Aj4', 19, 'Male');
insert into utenti (id_utente, nome, cognome, username, email, password, eta, genere) values (7, 'Corine', 'Jelf', 'cjelf6', 'cjelf6@weibo.com', 'tK7<L4`B}_B1', 23, 'Female');
insert into utenti (id_utente, nome, cognome, username, email, password, eta, genere) values (8, 'Claudian', 'Perle', 'cperle7', 'cperle7@reddit.com', 'vC2=a@Yr5', 31, 'Male');
insert into utenti (id_utente, nome, cognome, username, email, password, eta, genere) values (9, 'Aurelia', 'McLay', 'amclay8', 'amclay8@engadget.com', 'qJ1"N@p', 14, 'Female');
insert into utenti (id_utente, nome, cognome, username, email, password, eta, genere) values (10, 'Saba', 'Ubsdale', 'subsdale9', 'subsdale9@dropbox.com', 'sN8)22gMP', 24, 'Female');
insert into utenti (id_utente, nome, cognome, username, email, password, eta, genere) values (11, 'Daisy', 'Alldre', 'dalldrea', 'dalldrea@yandex.ru', 'nE7|!SF}Hf(', 26, 'Female');
insert into utenti (id_utente, nome, cognome, username, email, password, eta, genere) values (12, 'Veronique', 'Maddern', 'vmaddernb', 'vmaddernb@google.it', 'vI0_x3RU$Q<h', 31, 'Female');
insert into utenti (id_utente, nome, cognome, username, email, password, eta, genere) values (13, 'Kort', 'Hasson', 'khassonc', 'khassonc@wikispaces.com', 'rX3!nY', 35, 'Non-binary');
insert into utenti (id_utente, nome, cognome, username, email, password, eta, genere) values (14, 'Coletta', 'Dreier', 'cdreierd', 'cdreierd@abc.net.au', 'iR6/u~Fgm|<', 40, 'Female');
insert into utenti (id_utente, nome, cognome, username, email, password, eta, genere) values (15, 'Tomasina', 'Chivers', 'tchiverse', 'tchiverse@noaa.gov', 'dP1(sI', 64, 'Female');
insert into utenti (id_utente, nome, cognome, username, email, password, eta, genere) values (16, 'Elsworth', 'Bolles', 'ebollesf', 'ebollesf@wikipedia.org', 'nU2,F@!R', 22, 'Agender');
insert into utenti (id_utente, nome, cognome, username, email, password, eta, genere) values (17, 'Tadio', 'Stannion', 'tstanniong', 'tstanniong@cbslocal.com', 'iN8!~@*)(', 40, 'Male');
insert into utenti (id_utente, nome, cognome, username, email, password, eta, genere) values (18, 'Mathilde', 'Burril', 'mburrilh', 'mburrilh@reverbnation.com', 'cJ3<cmr', 32, 'Female');
insert into utenti (id_utente, nome, cognome, username, email, password, eta, genere) values (19, 'Heloise', 'Rannie', 'hranniei', 'hranniei@gov.uk', 'zU1?}1', 32, 'Genderfluid');
insert into utenti (id_utente, nome, cognome, username, email, password, eta, genere) values (20, 'Eugenie', 'Vedstra', 'evedstraj', 'evedstraj@canalblog.com', 'oH5#n3{Di', 20, 'Polygender');
insert into utenti (id_utente, nome, cognome, username, email, password, eta, genere) values (21, 'Silvie', 'MacAdam', 'smacadamk', 'smacadamk@hexun.com', 'sY8@ov2C', 68, 'Female');
insert into utenti (id_utente, nome, cognome, username, email, password, eta, genere) values (22, 'Jeniffer', 'Crumpton', 'jcrumptonl', 'jcrumptonl@yellowpages.com', 'pS8~H3}', 55, 'Female');
insert into utenti (id_utente, nome, cognome, username, email, password, eta, genere) values (23, 'Gladys', 'Andriolli', 'gandriollim', 'gandriollim@businesswire.com', 'sN4~yI0G+', 43, 'Female');
insert into utenti (id_utente, nome, cognome, username, email, password, eta, genere) values (24, 'Estele', 'Sealeaf', 'esealeafn', 'esealeafn@latimes.com', 'sH5~8>', 41, 'Female');
insert into utenti (id_utente, nome, cognome, username, email, password, eta, genere) values (25, 'Zsa zsa', 'Klimecki', 'zklimeckio', 'zklimeckio@admin.ch', 'aN9+8yx}/&', 24, 'Female');
insert into utenti (id_utente, nome, cognome, username, email, password, eta, genere) values (26, 'Doe', 'Aspden', 'daspdenp', 'daspdenp@columbia.edu', 'sH0!B8w', 28, 'Polygender');
insert into utenti (id_utente, nome, cognome, username, email, password, eta, genere) values (27, 'Aline', 'Durtnel', 'adurtnelq', 'adurtnelq@ibm.com', 'hO6!|)ba_+5l', 18, 'Female');
insert into utenti (id_utente, nome, cognome, username, email, password, eta, genere) values (28, 'Sammie', 'Mosley', 'smosleyr', 'smosleyr@blogspot.com', 'bL3@C)")r(=I', 44, 'Male');
insert into utenti (id_utente, nome, cognome, username, email, password, eta, genere) values (29, 'Leonard', 'Syphus', 'lsyphuss', 'lsyphuss@admin.ch', 'mC3,#E@2', 60, 'Male');
insert into utenti (id_utente, nome, cognome, username, email, password, eta, genere) values (30, 'Whitney', 'Healings', 'whealingst', 'whealingst@amazonaws.com', 'jF3)\yMHC~G', 31, 'Female');
insert into utenti (id_utente, nome, cognome, username, email, password, eta, genere) values (31, 'Kendricks', 'McNeish', 'kmcneishu', 'kmcneishu@jigsy.com', 'hG3}8+A_Kn', 49, 'Genderqueer');
insert into utenti (id_utente, nome, cognome, username, email, password, eta, genere) values (32, 'Mickie', 'cornhill', 'mcornhillv', 'mcornhillv@nifty.com', 'cN4)IVj}84.a', 45, 'Male');
insert into utenti (id_utente, nome, cognome, username, email, password, eta, genere) values (33, 'Jaquelin', 'Sanchiz', 'jsanchizw', 'jsanchizw@ustream.tv', 'dM6*''&agvXs', 70, 'Female');
insert into utenti (id_utente, nome, cognome, username, email, password, eta, genere) values (34, 'Ettore', 'Klees', 'ekleesx', 'ekleesx@youtube.com', 'fD8{#H{@Jr', 30, 'Male');
insert into utenti (id_utente, nome, cognome, username, email, password, eta, genere) values (35, 'Cherrita', 'Pressnell', 'cpressnelly', 'cpressnelly@scribd.com', 'xY1!A&,)L', 33, 'Female');
insert into utenti (id_utente, nome, cognome, username, email, password, eta, genere) values (36, 'Kamila', 'Losselyong', 'klosselyongz', 'klosselyongz@xinhuanet.com', 'qS3~fpn&', 14, 'Female');
insert into utenti (id_utente, nome, cognome, username, email, password, eta, genere) values (37, 'Ailey', 'Glaysher', 'aglaysher10', 'aglaysher10@engadget.com', 'uF2=NbRTinH4', 57, 'Female');
insert into utenti (id_utente, nome, cognome, username, email, password, eta, genere) values (38, 'La verne', 'Hysom', 'lhysom11', 'lhysom11@mozilla.com', 'wV5$If', 51, 'Female');
insert into utenti (id_utente, nome, cognome, username, email, password, eta, genere) values (39, 'Ariadne', 'Enderson', 'aenderson12', 'aenderson12@netlog.com', 'hN8~W97EDmV1', 28, 'Female');
insert into utenti (id_utente, nome, cognome, username, email, password, eta, genere) values (40, 'Tyson', 'Ferrettini', 'tferrettini13', 'tferrettini13@constantcontact.com', 'sM8=(h!', 66, 'Genderfluid');
insert into utenti (id_utente, nome, cognome, username, email, password, eta, genere) values (41, 'Roy', 'Gwinnel', 'rgwinnel14', 'rgwinnel14@tinyurl.com', 'fE6<)Bu5ae=L', 39, 'Male');
insert into utenti (id_utente, nome, cognome, username, email, password, eta, genere) values (42, 'Pat', 'Clere', 'pclere15', 'pclere15@clickbank.net', 'tP0|v6\kk{3', 69, 'Female');
insert into utenti (id_utente, nome, cognome, username, email, password, eta, genere) values (43, 'Kienan', 'Ledwidge', 'kledwidge16', 'kledwidge16@miibeian.gov.cn', 'nT2=QD', 35, 'Male');
insert into utenti (id_utente, nome, cognome, username, email, password, eta, genere) values (44, 'Penn', 'McClean', 'pmcclean17', 'pmcclean17@ted.com', 'dY2&Isxvx7', 31, 'Agender');
insert into utenti (id_utente, nome, cognome, username, email, password, eta, genere) values (45, 'Elaine', 'Brosel', 'ebrosel18', 'ebrosel18@prnewswire.com', 'dZ7>Dag', 64, 'Female');
insert into utenti (id_utente, nome, cognome, username, email, password, eta, genere) values (46, 'Reynard', 'Erett', 'rerett19', 'rerett19@senate.gov', 'mM8=d{MEZZ=R', 46, 'Male');
insert into utenti (id_utente, nome, cognome, username, email, password, eta, genere) values (47, 'Patrice', 'Grimwad', 'pgrimwad1a', 'pgrimwad1a@japanpost.jp', 'tL9<4j<E*', 55, 'Female');
insert into utenti (id_utente, nome, cognome, username, email, password, eta, genere) values (48, 'Stacy', 'Bedbrough', 'sbedbrough1b', 'sbedbrough1b@fotki.com', 'nE0$}P', 35, 'Male');
insert into utenti (id_utente, nome, cognome, username, email, password, eta, genere) values (49, 'Alfons', 'Bland', 'abland1c', 'abland1c@time.com', 'fW5&bI', 62, 'Male');
insert into utenti (id_utente, nome, cognome, username, email, password, eta, genere) values (50, 'Micky', 'Novak', 'mnovak1d', 'mnovak1d@reuters.com', 'zZ7=V\ZsCK', 34, 'Female');


----------------------------------------------------------------------------------------------------------------------------------------------------------------------------------------


insert into moderatori (id_moderatore, nome, cognome, username, email, password, eta, genere, professione) values (1, 'Tamarah', 'Jiles', 'tjiles0', 'tjiles0@nhs.uk', 'jT8"/kv>$aG', 69, 'Female', 'Web Developer III');
insert into moderatori (id_moderatore, nome, cognome, username, email, password, eta, genere, professione) values (2, 'Fawn', 'Mobius', 'fmobius1', 'fmobius1@multiply.com', 'pT7"dW?E8yy', 48, 'Female', 'Recruiter');
insert into moderatori (id_moderatore, nome, cognome, username, email, password, eta, genere, professione) values (3, 'Kathe', 'Titta', 'ktitta2', 'ktitta2@amazon.co.jp', 'uZ2}6~j', 15, 'Polygender', 'Staff Scientist');
insert into moderatori (id_moderatore, nome, cognome, username, email, password, eta, genere, professione) values (4, 'Minny', 'Bastie', 'mbastie3', 'mbastie3@flavors.me', 'uI9\SI', 60, 'Female', 'Assistant Professor');
insert into moderatori (id_moderatore, nome, cognome, username, email, password, eta, genere, professione) values (5, 'Miller', 'Oliphant', 'moliphant4', 'moliphant4@fc2.com', 'jR1$.9)*"C_4', 13, 'Male', 'Payment Adjustment Coordinator');
insert into moderatori (id_moderatore, nome, cognome, username, email, password, eta, genere, professione) values (6, 'Mora', 'Sterling', 'msterling5', 'msterling5@hud.gov', 'vX6*7VT/mn%', 64, 'Female', 'Editor');
insert into moderatori (id_moderatore, nome, cognome, username, email, password, eta, genere, professione) values (7, 'Hubey', 'Parris', 'hparris6', 'hparris6@fda.gov', 'rP1,|RLxCa', 64, 'Male', 'Registered Nurse');
insert into moderatori (id_moderatore, nome, cognome, username, email, password, eta, genere, professione) values (8, 'Giraud', 'Willison', 'gwillison7', 'gwillison7@ucoz.ru', 'yH1?CWU', 56, 'Male', 'Geological Engineer');
insert into moderatori (id_moderatore, nome, cognome, username, email, password, eta, genere, professione) values (9, 'Levi', 'Lewty', 'llewty8', 'llewty8@epa.gov', 'xX5|?YhZSH', 42, 'Male', 'Help Desk Technician');
insert into moderatori (id_moderatore, nome, cognome, username, email, password, eta, genere, professione) values (10, 'Adrienne', 'Vivash', 'avivash9', 'avivash9@shutterfly.com', 'iL9''PNOp?', 45, 'Female', 'Financial Analyst');


----------------------------------------------------------------------------------------------------------------------------------------------------------------------------------------

insert into domande_utenti (id_domanda, id_utente, testo_domanda) values (1, 11, 'quis augue luctus tincidunt nulla mollis molestie lorem quisque ut erat curabitur gravida nisi at nibh in hac habitasse platea dictumst aliquam augue quam sollicitudin vitae consectetuer eget');
insert into domande_utenti (id_domanda, id_utente, testo_domanda) values (2, 1, 'at dolor quis odio consequat varius integer ac leo pellentesque');
insert into domande_utenti (id_domanda, id_utente, testo_domanda) values (3, 32, 'at nunc commodo placerat praesent blandit nam nulla integer pede');
insert into domande_utenti (id_domanda, id_utente, testo_domanda) values (4, 24, 'aenean auctor gravida sem praesent id massa id nisl venenatis lacinia aenean sit amet justo morbi');
insert into domande_utenti (id_domanda, id_utente, testo_domanda) values (5, 1, 'aliquam sit amet diam in magna bibendum imperdiet nullam orci pede venenatis non sodales sed tincidunt eu felis fusce posuere felis sed lacus morbi sem mauris laoreet ut rhoncus aliquet pulvinar sed nisl nunc rhoncus dui vel');

----------------------------------------------------------------------------------------------------------------------------------------------------------------------------------------

insert into risposte (id_risposta, id_utente, id_domanda, testo_risposta) values (1, 11, 1, 'proin at turpis a pede posuere nonummy integer non velit donec');
insert into risposte (id_risposta, id_utente, id_domanda, testo_risposta) values (2, 1, 2, 'facilisi cras non velit nec nisi vulputate nonummy maecenas tincidunt lacus at velit vivamus vel nulla eget eros elementum pellentesque quisque porta volutpat erat quisque erat eros viverra eget congue eget semper rutrum nulla nunc purus phasellus in');
insert into risposte (id_risposta, id_utente, id_domanda, testo_risposta) values (3, 32, 3, 'nisi vulputate nonummy maecenas tincidunt lacus at velit vivamus vel nulla eget eros elementum pellentesque quisque porta volutpat erat quisque erat eros viverra eget congue eget semper rutrum nulla nunc purus phasellus in felis');
insert into risposte (id_risposta, id_utente, id_domanda, testo_risposta) values (4, 24, 4, 'convallis nulla neque libero convallis eget eleifend luctus ultricies eu nibh quisque id justo sit amet sapien dignissim vestibulum vestibulum ante ipsum primis in faucibus orci luctus et ultrices posuere cubilia curae nulla dapibus dolor vel est');
insert into risposte (id_risposta, id_utente, id_domanda, testo_risposta) values (5, 1, 5, 'luctus tincidunt nulla mollis molestie lorem quisque ut erat curabitur gravida nisi at');
