insert into utenti (id_utente, nome, cognome, username, email, password, eta, genere, professione, ruolo) values (1, 'Grier', 'Warburton', 'gwarburton0', 'gwarburton0@dailymotion.com', 'cL9oj)O7Y5?,ndX', 29, 'Female', 'Safety Technician I', 'user');
insert into utenti (id_utente, nome, cognome, username, email, password, eta, genere, professione, ruolo) values (2, 'Gino', 'Moubray', 'gmoubray1', 'gmoubray1@archive.org', 'iW8(.<B,PW|', 18, 'Male', 'Human Resources Manager', 'user');
insert into utenti (id_utente, nome, cognome, username, email, password, eta, genere, professione, ruolo) values (3, 'Casandra', 'Booth-Jarvis', 'cboothjarvis2', 'cboothjarvis2@usgs.gov', 'pD1IU~~CP.!', 61, 'Female', 'Human Resources Assistant I', 'user');
insert into utenti (id_utente, nome, cognome, username, email, password, eta, genere, professione, ruolo) values (4, 'Alene', 'Sainter', 'asainter3', 'asainter3@linkedin.com', 'nK7+)M`q', 69, 'Female', 'Dental Hygienist', 'user');
insert into utenti (id_utente, nome, cognome, username, email, password, eta, genere, professione, ruolo) values (5, 'Coleman', 'Cumberlidge', 'ccumberlidge4', 'ccumberlidge4@wunderground.com', 'cL7*k%M73m%X8Wd`', 50, 'Agender', 'Project Manager', 'user');
insert into utenti (id_utente, nome, cognome, username, email, password, eta, genere, professione, ruolo) values (6, 'Clarence', 'Trout', 'ctrout5', 'ctrout5@tamu.edu', 'gF90zF@#8K9_mFe', 30, 'Male', 'Software Test Engineer II', 'user');
insert into utenti (id_utente, nome, cognome, username, email, password, eta, genere, professione, ruolo) values (7, 'Brett', 'Kluge', 'bkluge6', 'bkluge6@addtoany.com', 'uY1c2){Z3', 65, 'Male', 'Senior Sales Associate', 'user');
insert into utenti (id_utente, nome, cognome, username, email, password, eta, genere, professione, ruolo) values (8, 'Cirstoforo', 'Volkers', 'cvolkers7', 'cvolkers7@twitpic.com', 'eK4?}4s=)p60!$', 45, 'Male', 'Help Desk Technician', 'user');
insert into utenti (id_utente, nome, cognome, username, email, password, eta, genere, professione, ruolo) values (9, 'Nikolia', 'Mapowder', 'nmapowder8', 'nmapowder8@sciencedirect.com', 'bJ3NT?"8*<z{JN5V', 40, 'Female', 'Accounting Assistant I', 'user');
insert into utenti (id_utente, nome, cognome, username, email, password, eta, genere, professione, ruolo) values (10, 'Nick', 'Godleman', 'ngodleman9', 'ngodleman9@google.es', 'oP6Kr@IP7}`', 64, 'Male', 'Community Outreach Specialist', 'user');
insert into utenti (id_utente, nome, cognome, username, email, password, eta, genere, professione, ruolo) values (11, 'Orton', 'Kenwyn', 'okenwyna', 'okenwyna@slashdot.org', 'hP2r8NMVEs', 48, 'Male', 'VP Product Management', 'user');
insert into utenti (id_utente, nome, cognome, username, email, password, eta, genere, professione, ruolo) values (12, 'Malachi', 'Foulcher', 'mfoulcherb', 'mfoulcherb@networkadvertising.org', 'jP9N0AP/VM''z%S4j', 41, 'Male', 'Geological Engineer', 'user');
insert into utenti (id_utente, nome, cognome, username, email, password, eta, genere, professione, ruolo) values (13, 'Lindie', 'Dittson', 'ldittsonc', 'ldittsonc@reverbnation.com', 'jC4WoUXA*M(ao', 36, 'Female', 'Speech Pathologist', 'user');
insert into utenti (id_utente, nome, cognome, username, email, password, eta, genere, professione, ruolo) values (14, 'Alleyn', 'Quinnette', 'aquinnetted', 'aquinnetted@cnet.com', 'dO7YW+PexL}', 39, 'Male', 'Editor', 'user');
insert into utenti (id_utente, nome, cognome, username, email, password, eta, genere, professione, ruolo) values (15, 'Byran', 'Moroney', 'bmoroneye', 'bmoroneye@pinterest.com', 'nA3&(X''hsYk_f"', 56, 'Male', 'Chemical Engineer', 'user');
insert into utenti (id_utente, nome, cognome, username, email, password, eta, genere, professione, ruolo) values (16, 'Weidar', 'Loftus', 'wloftusf', 'wloftusf@ifeng.com', 'pO9{C&%m({Di_', 58, 'Male', 'Research Nurse', 'user');
insert into utenti (id_utente, nome, cognome, username, email, password, eta, genere, professione, ruolo) values (17, 'Ula', 'Blew', 'ublewg', 'ublewg@pen.io', 'mM1>0UXD(', 52, 'Female', 'Geological Engineer', 'user');
insert into utenti (id_utente, nome, cognome, username, email, password, eta, genere, professione, ruolo) values (18, 'Ivory', 'Wylder', 'iwylderh', 'iwylderh@ning.com', 'kL1)&nnRk`*VH*', 27, 'Female', 'Project Manager', 'user');
insert into utenti (id_utente, nome, cognome, username, email, password, eta, genere, professione, ruolo) values (19, 'Clark', 'Gurnee', 'cgurneei', 'cgurneei@patch.com', 'sA4zeqWQHW', 59, 'Male', 'Senior Editor', 'user');
insert into utenti (id_utente, nome, cognome, username, email, password, eta, genere, professione, ruolo) values (20, 'Chaim', 'Dahl', 'cdahlj', 'cdahlj@studiopress.com', 'zT6s$kSC$+', 56, 'Male', 'Biostatistician II', 'user');
insert into utenti (id_utente, nome, cognome, username, email, password, eta, genere, professione, ruolo) values (21, 'Gearalt', 'Gommey', 'ggommeyk', 'ggommeyk@sourceforge.net', 'gJ4iukk_iC', 57, 'Male', 'Web Developer IV', 'user');
insert into utenti (id_utente, nome, cognome, username, email, password, eta, genere, professione, ruolo) values (22, 'Chris', 'Gierck', 'cgierckl', 'cgierckl@sourceforge.net', 'uI5Xlwkj,sV98', 17, 'Male', 'Assistant Manager', 'user');
insert into utenti (id_utente, nome, cognome, username, email, password, eta, genere, professione, ruolo) values (23, 'Kassey', 'Lightoller', 'klightollerm', 'klightollerm@ucla.edu', 'qM1G@PYeqZ>', 68, 'Female', 'Marketing Manager', 'user');
insert into utenti (id_utente, nome, cognome, username, email, password, eta, genere, professione, ruolo) values (24, 'Nickie', 'Banyard', 'nbanyardn', 'nbanyardn@scribd.com', 'jA9R)5zChZwK|i', 16, 'Male', 'Project Manager', 'user');
insert into utenti (id_utente, nome, cognome, username, email, password, eta, genere, professione, ruolo) values (25, 'Corina', 'Duff', 'cduffo', 'cduffo@nymag.com', 'hO2My<Vv', 61, 'Genderqueer', 'Senior Developer', 'user');
insert into utenti (id_utente, nome, cognome, username, email, password, eta, genere, professione, ruolo) values (26, 'Marybelle', 'Gare', 'mgarep', 'mgarep@instagram.com', 'fV1)aoH&%K3$6', 35, 'Polygender', 'Cost Accountant', 'user');
insert into utenti (id_utente, nome, cognome, username, email, password, eta, genere, professione, ruolo) values (27, 'Malissa', 'Taks', 'mtaksq', 'mtaksq@fda.gov', 'bQ3AMRKn&*#AnD', 14, 'Female', 'Web Developer III', 'user');
insert into utenti (id_utente, nome, cognome, username, email, password, eta, genere, professione, ruolo) values (28, 'Hillard', 'Hanbury-Brown', 'hhanburybrownr', 'hhanburybrownr@reference.com', 'tE2?AtS`0', 36, 'Male', 'Programmer II', 'user');
insert into utenti (id_utente, nome, cognome, username, email, password, eta, genere, professione, ruolo) values (29, 'Trude', 'Stell', 'tstells', 'tstells@google.ru', 'tE7(FZLR>v', 64, 'Female', 'Recruiting Manager', 'user');
insert into utenti (id_utente, nome, cognome, username, email, password, eta, genere, professione, ruolo) values (30, 'Jude', 'Menier', 'jmeniert', 'jmeniert@prlog.org', 'iM8=QSY3lYXiH', 43, 'Male', 'Editor', 'admin');
insert into utenti (id_utente, nome, cognome, username, email, password, eta, genere, professione, ruolo) values (31, 'Ly', 'Goldin', 'lgoldinu', 'lgoldinu@washingtonpost.com', 'lN9TzLu0m', 62, 'Male', 'Tax Accountant', 'admin');
insert into utenti (id_utente, nome, cognome, username, email, password, eta, genere, professione, ruolo) values (32, 'Terri', 'Mewrcik', 'tmewrcikv', 'tmewrcikv@prnewswire.com', 'zN0OF+II9', 29, 'Male', 'Teacher', 'user');
insert into utenti (id_utente, nome, cognome, username, email, password, eta, genere, professione, ruolo) values (33, 'Jamal', 'Gartshore', 'jgartshorew', 'jgartshorew@sourceforge.net', 'dO45l6HQF', 53, 'Male', 'Speech Pathologist', 'user');
insert into utenti (id_utente, nome, cognome, username, email, password, eta, genere, professione, ruolo) values (34, 'Ethelbert', 'Rycraft', 'erycraftx', 'erycraftx@blogtalkradio.com', 'zV5f7$Y98qKD', 20, 'Male', 'Payment Adjustment Coordinator', 'admin');
insert into utenti (id_utente, nome, cognome, username, email, password, eta, genere, professione, ruolo) values (35, 'Ferdinande', 'Masser', 'fmassery', 'fmassery@businessinsider.com', 'xE4X{bk|42A`', 70, 'Agender', 'Developer III', 'user');
insert into utenti (id_utente, nome, cognome, username, email, password, eta, genere, professione, ruolo) values (36, 'Julienne', 'Cattrall', 'jcattrallz', 'jcattrallz@163.com', 'rC2z6l7lTUls0kUb', 17, 'Female', 'Editor', 'admin');
insert into utenti (id_utente, nome, cognome, username, email, password, eta, genere, professione, ruolo) values (37, 'Tremain', 'Orchard', 'torchard10', 'torchard10@bluehost.com', 'tA6''0&C(`&7', 46, 'Genderfluid', 'Senior Sales Associate', 'admin');
insert into utenti (id_utente, nome, cognome, username, email, password, eta, genere, professione, ruolo) values (38, 'Cordelie', 'Weiser', 'cweiser11', 'cweiser11@msu.edu', 'jG8R/S,G~$9@gz1', 48, 'Female', 'Research Nurse', 'admin');
insert into utenti (id_utente, nome, cognome, username, email, password, eta, genere, professione, ruolo) values (39, 'Susy', 'Borles', 'sborles12', 'sborles12@ameblo.jp', 'gF4e2Cxo+v{', 58, 'Female', 'VP Marketing', 'user');
insert into utenti (id_utente, nome, cognome, username, email, password, eta, genere, professione, ruolo) values (40, 'Barr', 'Eaddy', 'beaddy13', 'beaddy13@nymag.com', 'jE9,Z2urC*gdD$', 27, 'Male', 'Mechanical Systems Engineer', 'user');
insert into utenti (id_utente, nome, cognome, username, email, password, eta, genere, professione, ruolo) values (41, 'Kahlil', 'Matusson', 'kmatusson14', 'kmatusson14@wp.com', 'iA6SOP2HL8=9_', 26, 'Male', 'Quality Engineer', 'user');
insert into utenti (id_utente, nome, cognome, username, email, password, eta, genere, professione, ruolo) values (42, 'Dionisio', 'Heinzel', 'dheinzel15', 'dheinzel15@hubpages.com', 'tD3qnFC2I+_', 66, 'Male', 'Social Worker', 'user');
insert into utenti (id_utente, nome, cognome, username, email, password, eta, genere, professione, ruolo) values (43, 'Allayne', 'Larraway', 'alarraway16', 'alarraway16@admin.ch', 'bD0=Kk<i_6Sz', 69, 'Male', 'Paralegal', 'admin');
insert into utenti (id_utente, nome, cognome, username, email, password, eta, genere, professione, ruolo) values (44, 'Bartolemo', 'Antonignetti', 'bantonignetti17', 'bantonignetti17@pbs.org', 'hM74Uu=|', 70, 'Male', 'Information Systems Manager', 'admin');
insert into utenti (id_utente, nome, cognome, username, email, password, eta, genere, professione, ruolo) values (45, 'Michelle', 'Colwell', 'mcolwell18', 'mcolwell18@si.edu', 'qR6bdYb9NZ9D', 30, 'Non-binary', 'Geological Engineer', 'user');
insert into utenti (id_utente, nome, cognome, username, email, password, eta, genere, professione, ruolo) values (46, 'Fallon', 'Huncote', 'fhuncote19', 'fhuncote19@yahoo.co.jp', 'zT7o.TPPKzH68', 18, 'Female', 'Desktop Support Technician', 'admin');
insert into utenti (id_utente, nome, cognome, username, email, password, eta, genere, professione, ruolo) values (47, 'Zerk', 'Gebhard', 'zgebhard1a', 'zgebhard1a@meetup.com', 'uA2~(uDoBM', 51, 'Genderqueer', 'VP Sales', 'user');
insert into utenti (id_utente, nome, cognome, username, email, password, eta, genere, professione, ruolo) values (48, 'Giraud', 'Gaffer', 'ggaffer1b', 'ggaffer1b@independent.co.uk', 'fJ3_Br9$qXIZ(', 14, 'Male', 'Senior Quality Engineer', 'admin');
insert into utenti (id_utente, nome, cognome, username, email, password, eta, genere, professione, ruolo) values (49, 'Serena', 'Bantock', 'sbantock1c', 'sbantock1c@booking.com', 'mY7X9i(T)%MA', 43, 'Female', 'Financial Analyst', 'admin');
insert into utenti (id_utente, nome, cognome, username, email, password, eta, genere, professione, ruolo) values (50, 'Anthe', 'MacRierie', 'amacrierie1d', 'amacrierie1d@oracle.com', 'bZ6bM`zZED', 41, 'Female', 'Environmental Tech', 'user');


----------------------------------------------------------------------------------------------------------------------------------------------------------------------------------------

INSERT INTO domande_utenti (id_domanda, id_utente, testo_domanda, data)
VALUES
  (1, 11, 'quis augue luctus tincidunt nulla mollis molestie lorem quisque ut erat curabitur gravida nisi at nibh in hac habitasse platea dictumst aliquam augue quam sollicitudin vitae consectetuer eget', '2023-01-01' + INTERVAL FLOOR(RAND() * 365) DAY),
  (2, 1, 'at dolor quis odio consequat varius integer ac leo pellentesque', '2023-01-01' + INTERVAL FLOOR(RAND() * 365) DAY),
  (3, 32, 'at nunc commodo placerat praesent blandit nam nulla integer pede', '2023-01-01' + INTERVAL FLOOR(RAND() * 365) DAY),
  (4, 24, 'aenean auctor gravida sem praesent id massa id nisl venenatis lacinia aenean sit amet justo morbi', '2023-01-01' + INTERVAL FLOOR(RAND() * 365) DAY),
  (5, 1, 'aliquam sit amet diam in magna bibendum imperdiet nullam orci pede venenatis non sodales sed tincidunt eu felis fusce posuere felis sed lacus morbi sem mauris laoreet ut rhoncus aliquet pulvinar sed nisl nunc rhoncus dui vel', '2023-01-01' + INTERVAL FLOOR(RAND() * 365) DAY);

----------------------------------------------------------------------------------------------------------------------------------------------------------------------------------------

insert into risposte (id_risposta, id_utente, id_domanda, testo_risposta, data)
values (1, 30, 1, 'proin at turpis a pede posuere nonummy integer non velit donec', TIMESTAMPADD(DAY, RAND() * 365, '2023-01-01'));

insert into risposte (id_risposta, id_utente, id_domanda, testo_risposta, data)
values (2, 15, 2, 'facilisi cras non velit nec nisi vulputate nonummy maecenas tincidunt lacus at velit vivamus vel nulla eget eros elementum pellentesque quisque porta volutpat erat quisque erat eros viverra eget congue eget semper rutrum nulla nunc purus phasellus in', TIMESTAMPADD(DAY, RAND() * 365, '2023-01-01'));

insert into risposte (id_risposta, id_utente, id_domanda, testo_risposta, data)
values (3, 2, 3, 'nisi vulputate nonummy maecenas tincidunt lacus at velit vivamus vel nulla eget eros elementum pellentesque quisque porta volutpat erat quisque erat eros viverra eget congue eget semper rutrum nulla nunc purus phasellus in felis', TIMESTAMPADD(DAY, RAND() * 365, '2023-01-01'));

insert into risposte (id_risposta, id_utente, id_domanda, testo_risposta, data)
values (4, 27, 4, 'convallis nulla neque libero convallis eget eleifend luctus ultricies eu nibh quisque id justo sit amet sapien dignissim vestibulum vestibulum ante ipsum primis in faucibus orci luctus et ultrices posuere cubilia curae nulla dapibus dolor vel est', TIMESTAMPADD(DAY, RAND() * 365, '2023-01-01'));

insert into risposte (id_risposta, id_utente, id_domanda, testo_risposta, data)
values (5, 48, 5, 'luctus tincidunt nulla mollis molestie lorem quisque ut erat curabitur gravida nisi at', TIMESTAMPADD(DAY, RAND() * 365, '2023-01-01'));
